<?xml version="1.0" encoding="UTF-8" standalone="no"?>
<!--
 Copyright (c) 2019 SAP SE or an SAP affiliate company. All rights reserved.
--><!--
 All hybris buildcallbacks.xml macrodefinitions:
 
 Build/Documentation
 
	 before/after ant macro "clean"
		 <macrodef name="novalnetcore_before_clean"/>
		 <macrodef name="novalnetcore_after_clean"/>

	 before/after ant macro "build"
		 <macrodef name="novalnetcore_before_build"/>
		 <macrodef name="novalnetcore_after_build"/>

	 before/after ant macro "compile_core" - the core module of the extension
		 <macrodef name="novalnetcore_before_compile_core">
		 <macrodef name="novalnetcore_after_compile_core">

	 before/after ant macro "compile_web" - the web module of the extension
		 <macrodef name="novalnetcore_before_compile_web" />
		 <macrodef name="novalnetcore_after_compile_web" />
 
 Preparing extension
 
	 will be called in the beginning of the ant call and only once (also when using multiple 
	 ant targets e.g. ant build yunittest)
		 <macrodef name="novalnetcore_only_once_prepare"/>
 
 Creating ear module/production
 
	 before/after ant macro "ear"
		 <macrodef name="novalnetcore_before_ear"/>
		 <macrodef name="novalnetcore_after_ear"/>

	 before/after ant macro "production" - for hybris server only
		 <macrodef name="novalnetcore_before_production" />
		 <macrodef name="novalnetcore_after_production" />
 
 JUnit Test
 
	 before/after ant macro "yunitinit" 
		 <macrodef name="novalnetcore_before_yunitinit" />
		 <macrodef name="novalnetcore_after_yunitinit" />

	 before/after ant macro "yunit"
		 <macrodef name="novalnetcore_before_yunit" />
		 <macrodef name="novalnetcore_after_yunit" /> 

 Distribution package
 
 	 before/after ant macro "dist" - internal target; only for use when platform is available in source code
		 <macrodef name="novalnetcore_after_dist"/>
		 <macrodef name="novalnetcore_before_dist"/>

	 before/after ant macro "dist_copy" - internal target; only for use when platform is available in source code
		 <macrodef name="novalnetcore_before_dist_copy"/>
		 <macrodef name="novalnetcore_after_dist_copy"/>

-->
<project name="novalnetcore_buildcallbacks">

    <macrodef name="novalnetcore_after_build">

        <sequential>

            <impexGenerate extname="novalnetcore"/>

        </sequential>

    </macrodef>

    <macrodef name="novalnetcore_after_clean">

        <sequential>

            <delete failonerror="false" file="${ext.novalnetcore.path}/resources-lang/touch_impexgen"/>

        </sequential>

    </macrodef>


    <!-- exclude impex files from localization -->


    <patternset id="novalnetcore.localization.pattern">

        <patternset refid="localization.defaultpattern"/>

        <exclude name="**/*.impex"/>

    </patternset>


</project>
