<?xml version="1.0" encoding="UTF-8"?>
<!--
 Copyright (c) 2019 SAP SE or an SAP affiliate company. All rights reserved.
-->
<beans xmlns="http://www.springframework.org/schema/beans"
       xmlns:xsi="http://www.w3.org/2001/XMLSchema-instance"
       xmlns:context="http://www.springframework.org/schema/context"
       xmlns:util="http://www.springframework.org/schema/util"
       xsi:schemaLocation="http://www.springframework.org/schema/beans
       http://www.springframework.org/schema/beans/spring-beans.xsd
       http://www.springframework.org/schema/context
           http://www.springframework.org/schema/context/spring-context.xsd http://www.springframework.org/schema/util http://www.springframework.org/schema/util/spring-util.xsd">

    <context:annotation-config/>

    <!-- Spring Integration -->
    <import resource="classpath:/novalnetcore/integration/hot-folder-store-electronics-spring.xml"/>
    <import resource="classpath:/novalnetcore/integration/hot-folder-store-apparel-spring.xml"/>
    <import resource="classpath:/novalnetcore/integration/hot-folder-common-spring.xml"/>


    <!-- Used for commands triggered by order-process -->
    <bean id="customerRegistrationEmailProcessDefinitionResource"
          class="de.hybris.platform.processengine.definition.ProcessDefinitionResource">
        <property name="resource" value="classpath:/novalnetcore/processes/customerRegistrationEmailProcess.xml"/>
    </bean>
    <bean id="forgottenPasswordEmailProcessDefinitionResource"
          class="de.hybris.platform.processengine.definition.ProcessDefinitionResource">
        <property name="resource" value="classpath:/novalnetcore/processes/forgottenPasswordEmailProcess.xml"/>
    </bean>
    <bean id="orderConfirmationEmailProcessDefinitionResource"
          class="de.hybris.platform.processengine.definition.ProcessDefinitionResource">
        <property name="resource" value="classpath:/novalnetcore/processes/orderConfirmationEmailProcess.xml"/>
    </bean>
    <bean id="sendDeliveryEmailProcessDefinitionResource"
          class="de.hybris.platform.processengine.definition.ProcessDefinitionResource">
        <property name="resource" value="classpath:/novalnetcore/processes/sendDeliveryEmailProcess.xml"/>
    </bean>
    <bean id="sendReadyForPickupEmailProcessDefinitionResource"
          class="de.hybris.platform.processengine.definition.ProcessDefinitionResource">
        <property name="resource" value="classpath:/novalnetcore/processes/sendReadyForPickupEmailProcess.xml"/>
    </bean>
    <bean id="sendOrderCancelledEmailProcessDefinitionResource"
          class="de.hybris.platform.processengine.definition.ProcessDefinitionResource">
        <property name="resource" value="classpath:/novalnetcore/processes/sendOrderCancelledEmailProcess.xml"/>
    </bean>
    <bean id="sendOrderRefundEmailProcessDefinitionResource"
          class="de.hybris.platform.processengine.definition.ProcessDefinitionResource">
        <property name="resource" value="classpath:/novalnetcore/processes/sendOrderRefundEmailProcess.xml"/>
    </bean>
    <bean id="sendOrderPartiallyCanceledEmailProcessDefinitionResource"
          class="de.hybris.platform.processengine.definition.ProcessDefinitionResource">
        <property name="resource" value="classpath:/novalnetcore/processes/sendOrderPartiallyCanceledEmailProcess.xml"/>
    </bean>
    <bean id="sendOrderPartiallyRefundedEmailProcessDefinitionResource"
          class="de.hybris.platform.processengine.definition.ProcessDefinitionResource">
        <property name="resource" value="classpath:/novalnetcore/processes/sendOrderPartiallyRefundedEmailProcess.xml"/>
    </bean>
    <bean id="sendNotPickedUpConsignmentCanceledEmailProcessDefinitionResource"
          class="de.hybris.platform.processengine.definition.ProcessDefinitionResource">
        <property name="resource"
                  value="classpath:/novalnetcore/processes/sendNotPickedUpConsignmentCanceledEmailProcess.xml"/>
    </bean>

    <!-- Actions -->
    <bean id="abstractAction" class="de.hybris.platform.processengine.action.AbstractAction"
          abstract="true">
        <property name="modelService" ref="modelService"/>
        <property name="processParameterHelper" ref="processParameterHelper"/>
    </bean>

    <bean id="sendEmail" class="de.hybris.platform.acceleratorservices.process.email.actions.SendEmailAction"
          parent="abstractAction">
        <property name="emailService" ref="emailService"/>
    </bean>

    <bean id="abstractGenerateEmailAction"
          class="de.hybris.platform.acceleratorservices.process.email.actions.GenerateEmailAction"
          parent="abstractAction" abstract="true">
        <property name="modelService" ref="modelService"/>
        <property name="cmsEmailPageService" ref="cmsEmailPageService"/>
        <property name="contextResolutionStrategy" ref="processContextResolutionStrategy"/>
        <property name="emailGenerationService" ref="emailGenerationService"/>
    </bean>

    <bean id="generateCustomerRegistrationEmail" parent="abstractGenerateEmailAction">
        <property name="frontendTemplateName" value="CustomerRegistrationEmailTemplate"/>
    </bean>

    <bean id="generateForgottenPasswordEmail" parent="abstractGenerateEmailAction">
        <property name="frontendTemplateName" value="ForgottenPasswordEmailTemplate"/>
    </bean>

    <bean id="generateOrderConfirmationEmail" parent="abstractGenerateEmailAction">
        <property name="frontendTemplateName" value="OrderConfirmationEmailTemplate"/>
    </bean>

    <bean id="generateDeliverySentEmail" parent="abstractGenerateEmailAction">
        <property name="frontendTemplateName" value="DeliverySentEmailTemplate"/>
    </bean>

    <bean id="generateReadyForPickupEmail" parent="abstractGenerateEmailAction">
        <property name="frontendTemplateName" value="ReadyForPickupEmailTemplate"/>
    </bean>

    <bean id="generateOrderCancelledEmail" parent="abstractGenerateEmailAction">
        <property name="frontendTemplateName" value="OrderCancelledEmailTemplate"/>
    </bean>

    <bean id="generateOrderRefundEmail" parent="abstractGenerateEmailAction">
        <property name="frontendTemplateName" value="OrderRefundEmailTemplate"/>
    </bean>

    <bean id="generateOrderPartiallyCanceledEmail" parent="abstractGenerateEmailAction">
        <property name="frontendTemplateName" value="OrderPartiallyCanceledEmailTemplate"/>
    </bean>
    <bean id="generateOrderPartiallyRefundedEmail" parent="abstractGenerateEmailAction">
        <property name="frontendTemplateName" value="OrderPartiallyRefundedEmailTemplate"/>
    </bean>
    <bean id="generateNotPickedUpConsignmentCanceledEmail" parent="abstractGenerateEmailAction">
        <property name="frontendTemplateName" value="NotPickedUpConsignmentCanceledEmailTemplate"/>
    </bean>

    <bean id="removeSentEmail"
          class="de.hybris.platform.acceleratorservices.process.email.actions.RemoveSentEmailAction"
          parent="abstractAction">
        <property name="modelService" ref="modelService"/>
    </bean>

    <bean id="markQuoteNotificationAsSent"
          class="de.hybris.novalnet.core.actions.quote.MarkQuoteNotificationAsSentAction"
          parent="abstractAction" abstract="true">
        <property name="quoteService" ref="quoteService"/>
    </bean>


</beans>
